/*
Navicat MySQL Data Transfer

Source Server         : Local
Source Server Version : 50542
Source Host           : localhost:3306
Source Database       : stleia

Target Server Type    : MYSQL
Target Server Version : 50542
File Encoding         : 65001

Date: 2015-03-24 07:20:00
*/

SET FOREIGN_KEY_CHECKS=0;

-- ----------------------------
-- Table structure for equipoinsdustrial
-- ----------------------------
DROP TABLE IF EXISTS `equipoinsdustrial`;
CREATE TABLE `equipoinsdustrial` (
  `idequipoinsdustrial` int(11) NOT NULL,
  `nombredeequipo` varchar(45) NOT NULL,
  `tipoequipo` varchar(45) DEFAULT NULL,
  `fechaderegsitro` date NOT NULL,
  PRIMARY KEY (`idequipoinsdustrial`)
) ENGINE=MyISAM DEFAULT CHARSET=utf8;

-- ----------------------------
-- Records of equipoinsdustrial
-- ----------------------------

-- ----------------------------
-- Table structure for freidora
-- ----------------------------
DROP TABLE IF EXISTS `freidora`;
CREATE TABLE `freidora` (
  `idfreidora` int(11) NOT NULL AUTO_INCREMENT,
  `valvuladegas` varchar(45) NOT NULL,
  `potencia` varchar(45) NOT NULL,
  `tanque_idtanque` int(11) NOT NULL,
  PRIMARY KEY (`idfreidora`),
  KEY `fk_freidora_tanque1_idx` (`tanque_idtanque`)
) ENGINE=MyISAM AUTO_INCREMENT=4 DEFAULT CHARSET=utf8;

-- ----------------------------
-- Records of freidora
-- ----------------------------
INSERT INTO `freidora` VALUES ('1', '1', '1', '2');
INSERT INTO `freidora` VALUES ('2', '2', '2', '3');
INSERT INTO `freidora` VALUES ('3', '0', '0', '0');

-- ----------------------------
-- Table structure for productoaprocesar
-- ----------------------------
DROP TABLE IF EXISTS `productoaprocesar`;
CREATE TABLE `productoaprocesar` (
  `idproductoaprocesar` int(11) NOT NULL AUTO_INCREMENT,
  `nombreproducto` varchar(50) NOT NULL,
  `tempsetpointfreidora` double NOT NULL,
  `tempaltafreidora` double NOT NULL,
  `tempbajafreidora` double NOT NULL,
  `nivelcargar` int(11) NOT NULL,
  `cantidadporhora` int(11) NOT NULL,
  PRIMARY KEY (`idproductoaprocesar`)
) ENGINE=MyISAM AUTO_INCREMENT=3 DEFAULT CHARSET=utf8;

-- ----------------------------
-- Records of productoaprocesar
-- ----------------------------
INSERT INTO `productoaprocesar` VALUES ('1', 'croqueta de yuca', '150', '151', '149', '3', '27');
INSERT INTO `productoaprocesar` VALUES ('2', 'papas francesas', '178', '180', '176', '6', '32');

-- ----------------------------
-- Table structure for registro
-- ----------------------------
DROP TABLE IF EXISTS `registro`;
CREATE TABLE `registro` (
  `idregistro` int(11) NOT NULL AUTO_INCREMENT,
  `fechaderegistro` varchar(15) NOT NULL,
  `horaderegistro` varchar(15) NOT NULL,
  `valvulaentradaestado` binary(1) NOT NULL,
  `valvulasalidaestado` binary(1) NOT NULL,
  `alarmaacealto` binary(1) NOT NULL,
  `alarmaacemedio` binary(1) NOT NULL,
  `alarmaacebaj` binary(1) NOT NULL,
  `cargaraceite` double NOT NULL,
  `lecturanivelaceite` double NOT NULL,
  `temperaturaactual` double NOT NULL,
  `temperaturasetpoint` double NOT NULL,
  `tempalta` double NOT NULL,
  `temperaturadebaja` double NOT NULL,
  `alarmatempalta` binary(1) NOT NULL,
  `alarmabaja` binary(1) NOT NULL,
  `valvuladegasestado` binary(1) NOT NULL,
  `modoactual` varchar(45) NOT NULL,
  `productoaprocesar_idproductoaprocesar` int(11) NOT NULL,
  `freidora_idfreidora` int(11) NOT NULL,
  `tanque_idtanque` int(11) NOT NULL,
  `encendidofreidora` binary(1) NOT NULL,
  PRIMARY KEY (`idregistro`),
  KEY `fk_registro_productoaprocesar1_idx` (`productoaprocesar_idproductoaprocesar`),
  KEY `fk_registro_freidora1_idx` (`freidora_idfreidora`),
  KEY `fk_registro_tanque1_idx` (`tanque_idtanque`)
) ENGINE=MyISAM AUTO_INCREMENT=289 DEFAULT CHARSET=utf8;

-- ----------------------------
-- Records of registro
-- ----------------------------
INSERT INTO `registro` VALUES ('1', '19/03/2015', '19:20:01', 0x31, 0x30, 0x30, 0x30, 0x31, '18', '0', '0', '175', '180', '0', 0x30, 0x31, 0x31, '1', '1', '1', '2', 0x30);
INSERT INTO `registro` VALUES ('2', '19/03/2015', '19:20:01', 0x30, 0x30, 0x30, 0x30, 0x31, '900', '1', '0', '0', '0', '0', 0x00, 0x00, 0x00, '1', '0', '0', '0', 0x00);
INSERT INTO `registro` VALUES ('3', '19/03/2015', '19:20:01', 0x31, 0x30, 0x30, 0x30, 0x31, '20', '0', '0', '175', '180', '0', 0x30, 0x31, 0x31, '1', '1', '2', '3', 0x30);
INSERT INTO `registro` VALUES ('4', '19/03/2015', '20:20:01', 0x30, 0x30, 0x30, 0x30, 0x30, '900', '857', '0', '0', '0', '0', 0x00, 0x00, 0x00, '1', '0', '0', '0', 0x00);
INSERT INTO `registro` VALUES ('5', '19/03/2015', '20:20:01', 0x31, 0x30, 0x30, 0x31, 0x30, '25', '25', '0', '170', '177', '0', 0x30, 0x31, 0x31, '1', '1', '2', '3', 0x30);
INSERT INTO `registro` VALUES ('6', '19/03/2015', '20:20:01', 0x31, 0x30, 0x31, 0x30, 0x30, '18', '18', '0', '175', '180', '0', 0x30, 0x31, 0x31, '1', '1', '1', '2', 0x30);
INSERT INTO `registro` VALUES ('7', '19/03/2015', '21:20:01', 0x30, 0x30, 0x30, 0x30, 0x30, '900', '857', '0', '0', '0', '0', 0x00, 0x00, 0x00, '1', '0', '0', '0', 0x00);
INSERT INTO `registro` VALUES ('8', '19/03/2015', '21:20:01', 0x31, 0x30, 0x30, 0x31, 0x30, '25', '25', '175', '170', '177', '168', 0x30, 0x30, 0x31, '1', '3', '2', '3', 0x31);
INSERT INTO `registro` VALUES ('9', '19/03/2015', '21:20:01', 0x31, 0x30, 0x31, 0x30, 0x30, '16', '18', '175', '170', '175', '168', 0x30, 0x30, 0x31, '1', '3', '1', '2', 0x31);
INSERT INTO `registro` VALUES ('10', '19/03/2015', '22:20:01', 0x30, 0x30, 0x30, 0x30, 0x30, '900', '857', '0', '0', '0', '0', 0x00, 0x00, 0x00, '1', '0', '0', '0', 0x00);
INSERT INTO `registro` VALUES ('11', '19/03/2015', '22:20:01', 0x30, 0x31, 0x30, 0x31, 0x30, '20', '23', '0', '175', '180', '0', 0x30, 0x31, 0x31, '1', '3', '2', '3', 0x31);
INSERT INTO `registro` VALUES ('12', '19/03/2015', '22:20:01', 0x30, 0x31, 0x30, 0x30, 0x30, '16', '17', '174', '170', '175', '168', 0x30, 0x30, 0x31, '1', '3', '1', '2', 0x31);
INSERT INTO `registro` VALUES ('13', '19/03/2015', '23:20:01', 0x30, 0x30, 0x30, 0x30, 0x30, '15', '17', '176', '170', '177', '168', 0x30, 0x30, 0x31, '1', '2', '1', '2', 0x31);
INSERT INTO `registro` VALUES ('14', '19/03/2015', '23:20:01', 0x30, 0x30, 0x30, 0x31, 0x30, '20', '23', '0', '175', '180', '0', 0x30, 0x31, 0x31, '1', '2', '2', '3', 0x31);
INSERT INTO `registro` VALUES ('15', '19/03/2015', '23:20:01', 0x30, 0x30, 0x30, 0x30, 0x30, '900', '857', '0', '0', '0', '0', 0x00, 0x00, 0x00, '1', '0', '0', '0', 0x00);
INSERT INTO `registro` VALUES ('16', '20/03/2015', '0:20:01', 0x30, 0x30, 0x30, 0x30, 0x30, '15', '17', '172', '170', '177', '168', 0x30, 0x30, 0x31, '1', '2', '1', '2', 0x31);
INSERT INTO `registro` VALUES ('17', '20/03/2015', '0:20:01', 0x30, 0x30, 0x30, 0x30, 0x30, '900', '857', '0', '0', '0', '0', 0x00, 0x00, 0x00, '1', '0', '0', '0', 0x00);
INSERT INTO `registro` VALUES ('18', '20/03/2015', '0:20:01', 0x30, 0x30, 0x30, 0x31, 0x30, '32', '23', '149', '148', '149', '147', 0x30, 0x30, 0x31, '1', '2', '2', '3', 0x31);
INSERT INTO `registro` VALUES ('19', '20/03/2015', '1:20:01', 0x30, 0x31, 0x30, 0x30, 0x31, '18', '2', '0', '175', '180', '0', 0x30, 0x31, 0x31, '1', '1', '1', '2', 0x31);
INSERT INTO `registro` VALUES ('20', '20/03/2015', '1:20:01', 0x30, 0x30, 0x30, 0x30, 0x30, '900', '857', '0', '0', '0', '0', 0x00, 0x00, 0x00, '1', '0', '0', '0', 0x00);
INSERT INTO `registro` VALUES ('21', '20/03/2015', '1:20:01', 0x30, 0x30, 0x30, 0x31, 0x30, '25', '23', '163', '170', '177', '147', 0x30, 0x30, 0x30, '1', '1', '2', '3', 0x31);
INSERT INTO `registro` VALUES ('22', '20/03/2015', '2:20:01', 0x30, 0x30, 0x30, 0x30, 0x30, '900', '697', '0', '0', '0', '0', 0x00, 0x00, 0x00, '1', '0', '0', '0', 0x00);
INSERT INTO `registro` VALUES ('23', '20/03/2015', '2:20:01', 0x30, 0x30, 0x30, 0x31, 0x30, '20', '23', '176', '175', '180', '147', 0x30, 0x30, 0x30, '1', '1', '2', '3', 0x31);
INSERT INTO `registro` VALUES ('24', '20/03/2015', '2:20:01', 0x31, 0x30, 0x31, 0x30, 0x30, '18', '18', '175', '175', '180', '170', 0x30, 0x30, 0x30, '1', '1', '1', '2', 0x31);
INSERT INTO `registro` VALUES ('25', '20/03/2015', '3:20:01', 0x30, 0x30, 0x30, 0x30, 0x30, '900', '697', '0', '0', '0', '0', 0x00, 0x00, 0x00, '1', '0', '0', '0', 0x00);
INSERT INTO `registro` VALUES ('26', '20/03/2015', '3:20:01', 0x30, 0x30, 0x30, 0x30, 0x30, '20', '17', '0', '175', '180', '0', 0x30, 0x31, 0x31, '1', '1', '2', '3', 0x31);
INSERT INTO `registro` VALUES ('27', '20/03/2015', '3:20:01', 0x31, 0x30, 0x31, 0x30, 0x30, '18', '18', '176', '175', '180', '170', 0x30, 0x30, 0x30, '1', '1', '1', '2', 0x31);
INSERT INTO `registro` VALUES ('28', '20/03/2015', '4:20:01', 0x31, 0x30, 0x31, 0x30, 0x30, '18', '18', '170', '175', '180', '170', 0x30, 0x30, 0x30, '1', '1', '1', '2', 0x31);
INSERT INTO `registro` VALUES ('29', '20/03/2015', '4:20:01', 0x31, 0x30, 0x30, 0x31, 0x30, '20', '20', '170', '175', '180', '170', 0x30, 0x30, 0x30, '1', '1', '2', '3', 0x31);
INSERT INTO `registro` VALUES ('30', '20/03/2015', '4:20:01', 0x30, 0x30, 0x30, 0x30, 0x30, '900', '694', '0', '0', '0', '0', 0x00, 0x00, 0x00, '1', '0', '0', '0', 0x00);
INSERT INTO `registro` VALUES ('31', '20/03/2015', '5:20:01', 0x31, 0x30, 0x31, 0x30, 0x30, '16', '18', '174', '170', '175', '170', 0x31, 0x30, 0x31, '1', '3', '1', '2', 0x31);
INSERT INTO `registro` VALUES ('32', '20/03/2015', '5:20:01', 0x30, 0x30, 0x30, 0x30, 0x30, '900', '682', '0', '0', '0', '0', 0x00, 0x00, 0x00, '1', '0', '0', '0', 0x00);
INSERT INTO `registro` VALUES ('33', '20/03/2015', '5:20:01', 0x31, 0x30, 0x31, 0x30, 0x30, '32', '32', '0', '148', '149', '0', 0x30, 0x31, 0x31, '1', '3', '2', '3', 0x31);
INSERT INTO `registro` VALUES ('34', '20/03/2015', '6:20:01', 0x31, 0x30, 0x31, 0x30, 0x30, '16', '18', '171', '170', '175', '170', 0x30, 0x30, 0x30, '1', '3', '1', '2', 0x31);
INSERT INTO `registro` VALUES ('35', '20/03/2015', '6:20:01', 0x30, 0x30, 0x30, 0x30, 0x30, '900', '682', '0', '0', '0', '0', 0x00, 0x00, 0x00, '1', '0', '0', '0', 0x00);
INSERT INTO `registro` VALUES ('36', '20/03/2015', '6:20:01', 0x30, 0x31, 0x30, 0x30, 0x30, '32', '17', '0', '148', '149', '0', 0x30, 0x31, 0x31, '1', '3', '2', '3', 0x31);
INSERT INTO `registro` VALUES ('37', '20/03/2015', '7:20:01', 0x30, 0x30, 0x30, 0x30, 0x30, '900', '682', '0', '0', '0', '0', 0x00, 0x00, 0x00, '1', '0', '0', '0', 0x00);
INSERT INTO `registro` VALUES ('38', '20/03/2015', '7:20:01', 0x30, 0x30, 0x30, 0x30, 0x30, '32', '17', '0', '148', '149', '0', 0x30, 0x31, 0x31, '1', '1', '2', '3', 0x30);
INSERT INTO `registro` VALUES ('39', '20/03/2015', '7:20:01', 0x31, 0x30, 0x31, 0x30, 0x30, '18', '18', '0', '175', '180', '0', 0x30, 0x31, 0x31, '1', '1', '1', '2', 0x30);
INSERT INTO `registro` VALUES ('40', '20/03/2015', '8:20:01', 0x30, 0x30, 0x30, 0x30, 0x30, '900', '667', '0', '0', '0', '0', 0x00, 0x00, 0x00, '1', '0', '0', '0', 0x00);
INSERT INTO `registro` VALUES ('41', '20/03/2015', '8:20:01', 0x31, 0x30, 0x31, 0x30, 0x30, '32', '32', '141', '148', '149', '140', 0x30, 0x31, 0x31, '1', '1', '2', '3', 0x31);
INSERT INTO `registro` VALUES ('42', '20/03/2015', '8:20:01', 0x31, 0x30, 0x31, 0x30, 0x30, '18', '18', '174', '175', '180', '170', 0x30, 0x30, 0x30, '1', '1', '1', '2', 0x31);
INSERT INTO `registro` VALUES ('43', '20/03/2015', '9:20:01', 0x31, 0x30, 0x31, 0x30, 0x30, '15', '18', '177', '170', '177', '170', 0x30, 0x30, 0x31, '1', '2', '1', '2', 0x31);
INSERT INTO `registro` VALUES ('44', '20/03/2015', '9:20:01', 0x30, 0x30, 0x30, 0x30, 0x30, '900', '667', '0', '0', '0', '0', 0x00, 0x00, 0x00, '1', '0', '0', '0', 0x00);
INSERT INTO `registro` VALUES ('45', '20/03/2015', '9:20:01', 0x31, 0x30, 0x31, 0x30, 0x30, '25', '32', '170', '170', '177', '168', 0x30, 0x30, 0x31, '1', '2', '2', '3', 0x31);
INSERT INTO `registro` VALUES ('46', '20/03/2015', '10:20:01', 0x30, 0x30, 0x30, 0x30, 0x30, '16', '15', '170', '170', '175', '169', 0x30, 0x31, 0x31, '1', '3', '1', '2', 0x31);
INSERT INTO `registro` VALUES ('47', '20/03/2015', '10:20:01', 0x30, 0x30, 0x30, 0x30, 0x30, '900', '667', '0', '0', '0', '0', 0x00, 0x00, 0x00, '1', '0', '0', '0', 0x00);
INSERT INTO `registro` VALUES ('48', '20/03/2015', '10:20:01', 0x31, 0x30, 0x31, 0x30, 0x30, '25', '32', '168', '170', '177', '168', 0x30, 0x31, 0x30, '1', '3', '2', '3', 0x31);
INSERT INTO `registro` VALUES ('49', '20/03/2015', '11:20:01', 0x30, 0x30, 0x30, 0x30, 0x30, '16', '15', '173', '170', '175', '169', 0x30, 0x30, 0x30, '1', '3', '1', '2', 0x31);
INSERT INTO `registro` VALUES ('50', '20/03/2015', '11:20:01', 0x30, 0x30, 0x31, 0x30, 0x30, '900', '900', '0', '0', '0', '0', 0x00, 0x00, 0x00, '1', '0', '0', '0', 0x00);
INSERT INTO `registro` VALUES ('51', '20/03/2015', '11:20:01', 0x30, 0x30, 0x30, 0x30, 0x30, '20', '17', '0', '175', '180', '0', 0x30, 0x31, 0x31, '1', '3', '2', '3', 0x31);
INSERT INTO `registro` VALUES ('52', '20/03/2015', '12:20:01', 0x30, 0x30, 0x30, 0x30, 0x30, '900', '864', '0', '0', '0', '0', 0x00, 0x00, 0x00, '1', '0', '0', '0', 0x00);
INSERT INTO `registro` VALUES ('53', '20/03/2015', '12:20:01', 0x31, 0x30, 0x30, 0x31, 0x30, '20', '20', '6', '175', '180', '0', 0x30, 0x30, 0x31, '1', '3', '2', '3', 0x31);
INSERT INTO `registro` VALUES ('54', '20/03/2015', '12:20:01', 0x31, 0x30, 0x30, 0x30, 0x30, '16', '16', '88', '170', '175', '169', 0x30, 0x31, 0x31, '1', '3', '1', '2', 0x31);
INSERT INTO `registro` VALUES ('55', '20/03/2015', '13:20:01', 0x30, 0x30, 0x30, 0x30, 0x30, '900', '859', '0', '0', '0', '0', 0x00, 0x00, 0x00, '1', '0', '0', '0', 0x00);
INSERT INTO `registro` VALUES ('56', '20/03/2015', '13:20:01', 0x31, 0x30, 0x30, 0x31, 0x30, '25', '25', '172', '170', '177', '169', 0x30, 0x30, 0x31, '1', '2', '2', '3', 0x31);
INSERT INTO `registro` VALUES ('57', '20/03/2015', '13:20:01', 0x31, 0x30, 0x30, 0x30, 0x30, '15', '16', '175', '170', '177', '169', 0x30, 0x30, 0x30, '1', '2', '1', '2', 0x31);
INSERT INTO `registro` VALUES ('58', '20/03/2015', '14:20:01', 0x31, 0x30, 0x31, 0x30, 0x30, '18', '18', '175', '175', '180', '169', 0x30, 0x30, 0x31, '1', '1', '1', '2', 0x31);
INSERT INTO `registro` VALUES ('59', '20/03/2015', '14:20:01', 0x30, 0x30, 0x30, 0x30, 0x30, '900', '856', '0', '0', '0', '0', 0x00, 0x00, 0x00, '1', '0', '0', '0', 0x00);
INSERT INTO `registro` VALUES ('60', '20/03/2015', '14:20:01', 0x31, 0x30, 0x30, 0x31, 0x30, '25', '25', '175', '170', '177', '169', 0x30, 0x30, 0x30, '1', '1', '2', '3', 0x31);
INSERT INTO `registro` VALUES ('61', '20/03/2015', '15:20:01', 0x30, 0x31, 0x30, 0x30, 0x30, '18', '15', '170', '175', '180', '169', 0x30, 0x30, 0x30, '1', '1', '1', '2', 0x31);
INSERT INTO `registro` VALUES ('62', '20/03/2015', '15:20:01', 0x30, 0x31, 0x30, 0x31, 0x30, '25', '20', '176', '170', '177', '169', 0x30, 0x30, 0x31, '1', '1', '2', '3', 0x31);
INSERT INTO `registro` VALUES ('63', '20/03/2015', '15:20:01', 0x30, 0x30, 0x30, 0x31, 0x30, '900', '560', '0', '0', '0', '0', 0x00, 0x00, 0x00, '1', '0', '0', '0', 0x00);
INSERT INTO `registro` VALUES ('64', '20/03/2015', '16:20:01', 0x30, 0x30, 0x30, 0x30, 0x30, '16', '15', '175', '170', '175', '169', 0x30, 0x30, 0x31, '1', '3', '1', '2', 0x31);
INSERT INTO `registro` VALUES ('65', '20/03/2015', '16:20:01', 0x30, 0x30, 0x30, 0x31, 0x30, '900', '560', '0', '0', '0', '0', 0x00, 0x00, 0x00, '1', '0', '0', '0', 0x00);
INSERT INTO `registro` VALUES ('66', '20/03/2015', '16:20:01', 0x30, 0x30, 0x30, 0x31, 0x30, '20', '20', '177', '175', '180', '169', 0x30, 0x30, 0x31, '1', '3', '2', '3', 0x31);
INSERT INTO `registro` VALUES ('67', '20/03/2015', '17:20:01', 0x31, 0x30, 0x31, 0x30, 0x30, '18', '18', '176', '175', '180', '169', 0x30, 0x30, 0x31, '1', '1', '1', '2', 0x31);
INSERT INTO `registro` VALUES ('68', '20/03/2015', '17:20:01', 0x30, 0x30, 0x30, 0x31, 0x30, '900', '552', '0', '0', '0', '0', 0x00, 0x00, 0x00, '1', '0', '0', '0', 0x00);
INSERT INTO `registro` VALUES ('69', '20/03/2015', '17:20:01', 0x31, 0x30, 0x30, 0x31, 0x30, '25', '25', '0', '170', '177', '0', 0x30, 0x31, 0x31, '1', '1', '2', '3', 0x31);
INSERT INTO `registro` VALUES ('70', '20/03/2015', '18:20:01', 0x30, 0x30, 0x31, 0x30, 0x30, '900', '900', '0', '0', '0', '0', 0x00, 0x00, 0x00, '1', '0', '0', '0', 0x00);
INSERT INTO `registro` VALUES ('71', '20/03/2015', '18:20:01', 0x30, 0x31, 0x30, 0x31, 0x30, '32', '20', '0', '148', '149', '0', 0x30, 0x31, 0x31, '1', '3', '2', '3', 0x31);
INSERT INTO `registro` VALUES ('72', '20/03/2015', '18:20:01', 0x30, 0x31, 0x30, 0x30, 0x31, '16', '0', '0', '170', '175', '0', 0x30, 0x31, 0x31, '1', '3', '1', '2', 0x31);
INSERT INTO `registro` VALUES ('73', '20/03/2015', '19:20:01', 0x30, 0x31, 0x30, 0x30, 0x31, '16', '0', '0', '170', '175', '0', 0x30, 0x31, 0x31, '1', '3', '1', '2', 0x31);
INSERT INTO `registro` VALUES ('74', '20/03/2015', '19:20:01', 0x30, 0x30, 0x31, 0x30, 0x30, '900', '900', '0', '0', '0', '0', 0x00, 0x00, 0x00, '1', '0', '0', '0', 0x00);
INSERT INTO `registro` VALUES ('75', '20/03/2015', '19:20:01', 0x30, 0x30, 0x30, 0x31, 0x30, '32', '20', '0', '148', '149', '0', 0x30, 0x31, 0x31, '1', '3', '2', '3', 0x31);
INSERT INTO `registro` VALUES ('76', '20/03/2015', '20:20:01', 0x31, 0x30, 0x30, 0x30, 0x30, '16', '16', '140', '170', '175', '169', 0x30, 0x31, 0x31, '1', '3', '1', '2', 0x31);
INSERT INTO `registro` VALUES ('77', '20/03/2015', '20:20:01', 0x31, 0x30, 0x31, 0x30, 0x30, '32', '32', '0', '148', '149', '0', 0x30, 0x31, 0x31, '1', '3', '2', '3', 0x31);
INSERT INTO `registro` VALUES ('78', '20/03/2015', '20:20:01', 0x30, 0x30, 0x30, 0x30, 0x30, '900', '856', '0', '0', '0', '0', 0x00, 0x00, 0x00, '1', '0', '0', '0', 0x00);
INSERT INTO `registro` VALUES ('79', '20/03/2015', '21:20:01', 0x31, 0x30, 0x30, 0x30, 0x30, '16', '16', '173', '170', '175', '169', 0x30, 0x30, 0x31, '1', '3', '1', '2', 0x31);
INSERT INTO `registro` VALUES ('80', '20/03/2015', '21:20:01', 0x30, 0x30, 0x30, 0x30, 0x30, '900', '856', '0', '0', '0', '0', 0x00, 0x00, 0x00, '1', '0', '0', '0', 0x00);
INSERT INTO `registro` VALUES ('81', '20/03/2015', '21:20:01', 0x31, 0x30, 0x31, 0x30, 0x30, '32', '32', '147', '148', '149', '145', 0x30, 0x30, 0x30, '1', '3', '2', '3', 0x31);
INSERT INTO `registro` VALUES ('82', '20/03/2015', '22:20:01', 0x30, 0x30, 0x30, 0x31, 0x30, '16', '13', '173', '170', '175', '169', 0x30, 0x30, 0x31, '1', '3', '1', '2', 0x31);
INSERT INTO `registro` VALUES ('83', '20/03/2015', '22:20:01', 0x30, 0x30, 0x30, 0x30, 0x30, '900', '789', '0', '0', '0', '0', 0x00, 0x00, 0x00, '1', '0', '0', '0', 0x00);
INSERT INTO `registro` VALUES ('84', '20/03/2015', '22:20:01', 0x30, 0x30, 0x31, 0x30, 0x30, '32', '31', '145', '148', '149', '145', 0x30, 0x30, 0x30, '1', '3', '2', '3', 0x31);
INSERT INTO `registro` VALUES ('85', '20/03/2015', '23:20:01', 0x30, 0x30, 0x30, 0x31, 0x30, '15', '13', '169', '170', '177', '169', 0x30, 0x31, 0x30, '1', '2', '1', '2', 0x31);
INSERT INTO `registro` VALUES ('86', '20/03/2015', '23:20:01', 0x30, 0x31, 0x30, 0x30, 0x30, '32', '15', '0', '148', '149', '0', 0x30, 0x31, 0x31, '1', '2', '2', '3', 0x31);
INSERT INTO `registro` VALUES ('87', '20/03/2015', '23:20:01', 0x30, 0x30, 0x30, 0x30, 0x30, '900', '789', '0', '0', '0', '0', 0x00, 0x00, 0x00, '1', '0', '0', '0', 0x00);
INSERT INTO `registro` VALUES ('88', '21/03/2015', '0:20:01', 0x30, 0x30, 0x30, 0x31, 0x30, '900', '608', '0', '0', '0', '0', 0x00, 0x00, 0x00, '1', '0', '0', '0', 0x00);
INSERT INTO `registro` VALUES ('89', '21/03/2015', '0:20:01', 0x31, 0x30, 0x31, 0x30, 0x30, '20', '32', '169', '175', '180', '169', 0x30, 0x31, 0x30, '1', '2', '2', '3', 0x31);
INSERT INTO `registro` VALUES ('90', '21/03/2015', '0:20:01', 0x30, 0x30, 0x30, 0x31, 0x30, '15', '13', '173', '170', '177', '169', 0x30, 0x30, 0x30, '1', '2', '1', '2', 0x31);
INSERT INTO `registro` VALUES ('91', '21/03/2015', '1:20:01', 0x30, 0x30, 0x30, 0x31, 0x30, '900', '608', '0', '0', '0', '0', 0x00, 0x00, 0x00, '1', '0', '0', '0', 0x00);
INSERT INTO `registro` VALUES ('92', '21/03/2015', '1:20:01', 0x31, 0x30, 0x31, 0x30, 0x30, '25', '32', '172', '170', '177', '169', 0x30, 0x30, 0x30, '1', '0', '2', '3', 0x31);
INSERT INTO `registro` VALUES ('93', '21/03/2015', '1:20:01', 0x30, 0x31, 0x30, 0x30, 0x31, '15', '0', '0', '170', '177', '0', 0x30, 0x31, 0x31, '1', '0', '1', '2', 0x31);
INSERT INTO `registro` VALUES ('94', '21/03/2015', '2:20:01', 0x31, 0x30, 0x30, 0x30, 0x30, '16', '16', '174', '170', '175', '169', 0x31, 0x30, 0x31, '1', '3', '1', '2', 0x31);
INSERT INTO `registro` VALUES ('95', '21/03/2015', '2:20:01', 0x31, 0x30, 0x31, 0x30, 0x30, '32', '32', '147', '148', '149', '147', 0x30, 0x31, 0x30, '1', '3', '2', '3', 0x31);
INSERT INTO `registro` VALUES ('96', '21/03/2015', '2:20:01', 0x30, 0x30, 0x30, 0x31, 0x30, '900', '592', '0', '0', '0', '0', 0x00, 0x00, 0x00, '1', '0', '0', '0', 0x00);
INSERT INTO `registro` VALUES ('97', '21/03/2015', '3:20:01', 0x31, 0x30, 0x30, 0x30, 0x30, '15', '16', '171', '170', '177', '169', 0x30, 0x30, 0x30, '1', '2', '1', '2', 0x31);
INSERT INTO `registro` VALUES ('98', '21/03/2015', '3:20:01', 0x30, 0x30, 0x30, 0x31, 0x30, '900', '592', '0', '0', '0', '0', 0x00, 0x00, 0x00, '1', '0', '0', '0', 0x00);
INSERT INTO `registro` VALUES ('99', '21/03/2015', '3:20:01', 0x31, 0x30, 0x31, 0x30, 0x30, '25', '32', '176', '170', '177', '168', 0x30, 0x30, 0x31, '1', '2', '2', '3', 0x31);
INSERT INTO `registro` VALUES ('100', '21/03/2015', '4:20:01', 0x30, 0x31, 0x30, 0x30, 0x31, '18', '0', '0', '175', '180', '0', 0x30, 0x31, 0x31, '1', '0', '1', '2', 0x31);
INSERT INTO `registro` VALUES ('101', '21/03/2015', '4:20:01', 0x30, 0x30, 0x30, 0x31, 0x30, '900', '592', '0', '0', '0', '0', 0x00, 0x00, 0x00, '1', '0', '0', '0', 0x00);
INSERT INTO `registro` VALUES ('102', '21/03/2015', '4:20:01', 0x31, 0x30, 0x31, 0x30, 0x30, '25', '32', '156', '170', '177', '0', 0x30, 0x30, 0x30, '1', '0', '2', '3', 0x31);
INSERT INTO `registro` VALUES ('103', '21/03/2015', '5:20:01', 0x30, 0x30, 0x30, 0x31, 0x30, '900', '574', '0', '0', '0', '0', 0x00, 0x00, 0x00, '1', '0', '0', '0', 0x00);
INSERT INTO `registro` VALUES ('104', '21/03/2015', '5:20:01', 0x30, 0x30, 0x31, 0x30, 0x30, '25', '32', '177', '170', '177', '169', 0x30, 0x30, 0x31, '1', '2', '2', '3', 0x31);
INSERT INTO `registro` VALUES ('105', '21/03/2015', '5:20:01', 0x31, 0x30, 0x31, 0x30, 0x30, '15', '18', '172', '170', '177', '169', 0x30, 0x30, 0x30, '1', '2', '1', '2', 0x31);
INSERT INTO `registro` VALUES ('106', '21/03/2015', '6:20:01', 0x30, 0x30, 0x30, 0x31, 0x30, '900', '574', '0', '0', '0', '0', 0x00, 0x00, 0x00, '1', '0', '0', '0', 0x00);
INSERT INTO `registro` VALUES ('107', '21/03/2015', '6:20:01', 0x30, 0x30, 0x31, 0x30, 0x30, '25', '32', '0', '170', '177', '0', 0x30, 0x31, 0x31, '1', '2', '2', '3', 0x31);
INSERT INTO `registro` VALUES ('108', '21/03/2015', '6:20:01', 0x31, 0x30, 0x31, 0x30, 0x30, '15', '18', '176', '170', '177', '169', 0x30, 0x30, 0x31, '1', '2', '1', '2', 0x31);
INSERT INTO `registro` VALUES ('109', '21/03/2015', '7:20:01', 0x31, 0x30, 0x31, 0x30, 0x30, '15', '18', '171', '170', '177', '169', 0x30, 0x30, 0x31, '1', '2', '1', '2', 0x31);
INSERT INTO `registro` VALUES ('110', '21/03/2015', '7:20:01', 0x31, 0x30, 0x30, 0x31, 0x30, '25', '25', '104', '170', '177', '0', 0x30, 0x30, 0x31, '1', '2', '2', '3', 0x31);
INSERT INTO `registro` VALUES ('111', '21/03/2015', '7:20:01', 0x30, 0x30, 0x30, 0x31, 0x30, '900', '565', '0', '0', '0', '0', 0x00, 0x00, 0x00, '1', '0', '0', '0', 0x00);
INSERT INTO `registro` VALUES ('112', '21/03/2015', '8:20:01', 0x30, 0x30, 0x30, 0x31, 0x30, '16', '14', '174', '170', '175', '169', 0x31, 0x30, 0x31, '1', '3', '1', '2', 0x31);
INSERT INTO `registro` VALUES ('113', '21/03/2015', '8:20:01', 0x30, 0x30, 0x30, 0x31, 0x30, '900', '565', '0', '0', '0', '0', 0x00, 0x00, 0x00, '1', '0', '0', '0', 0x00);
INSERT INTO `registro` VALUES ('114', '21/03/2015', '8:20:01', 0x30, 0x30, 0x30, 0x31, 0x30, '25', '25', '170', '170', '177', '169', 0x30, 0x31, 0x31, '1', '3', '2', '3', 0x31);
INSERT INTO `registro` VALUES ('115', '21/03/2015', '9:20:01', 0x30, 0x30, 0x30, 0x31, 0x30, '15', '14', '171', '170', '177', '169', 0x30, 0x30, 0x30, '1', '2', '1', '2', 0x31);
INSERT INTO `registro` VALUES ('116', '21/03/2015', '9:20:01', 0x30, 0x30, 0x30, 0x31, 0x30, '900', '565', '0', '0', '0', '0', 0x00, 0x00, 0x00, '1', '0', '0', '0', 0x00);
INSERT INTO `registro` VALUES ('117', '21/03/2015', '9:20:01', 0x30, 0x30, 0x30, 0x31, 0x30, '20', '25', '0', '175', '180', '0', 0x30, 0x31, 0x31, '1', '2', '2', '3', 0x31);
INSERT INTO `registro` VALUES ('118', '21/03/2015', '10:20:01', 0x31, 0x30, 0x30, 0x30, 0x30, '16', '16', '170', '170', '175', '0', 0x30, 0x30, 0x30, '1', '3', '1', '2', 0x31);
INSERT INTO `registro` VALUES ('119', '21/03/2015', '10:20:01', 0x30, 0x30, 0x30, 0x31, 0x30, '900', '549', '0', '0', '0', '0', 0x00, 0x00, 0x00, '1', '0', '0', '0', 0x00);
INSERT INTO `registro` VALUES ('120', '21/03/2015', '10:20:01', 0x30, 0x30, 0x30, 0x31, 0x30, '20', '25', '121', '175', '180', '169', 0x30, 0x31, 0x31, '1', '3', '2', '3', 0x31);
INSERT INTO `registro` VALUES ('121', '21/03/2015', '11:20:01', 0x30, 0x30, 0x30, 0x31, 0x30, '900', '542', '0', '0', '0', '0', 0x00, 0x00, 0x00, '1', '0', '0', '0', 0x00);
INSERT INTO `registro` VALUES ('122', '21/03/2015', '11:20:01', 0x31, 0x30, 0x31, 0x30, 0x30, '32', '32', '169', '148', '149', '169', 0x30, 0x31, 0x31, '1', '3', '2', '3', 0x31);
INSERT INTO `registro` VALUES ('123', '21/03/2015', '11:20:01', 0x30, 0x30, 0x30, 0x30, 0x30, '16', '16', '172', '170', '175', '169', 0x30, 0x30, 0x31, '1', '3', '1', '2', 0x31);
INSERT INTO `registro` VALUES ('124', '21/03/2015', '12:20:01', 0x30, 0x30, 0x30, 0x31, 0x30, '900', '542', '0', '0', '0', '0', 0x00, 0x00, 0x00, '1', '0', '0', '0', 0x00);
INSERT INTO `registro` VALUES ('125', '21/03/2015', '12:20:01', 0x31, 0x30, 0x31, 0x30, 0x30, '25', '32', '175', '170', '177', '169', 0x30, 0x30, 0x30, '1', '2', '2', '3', 0x31);
INSERT INTO `registro` VALUES ('126', '21/03/2015', '12:20:01', 0x30, 0x30, 0x30, 0x30, 0x30, '15', '16', '172', '170', '177', '169', 0x30, 0x30, 0x30, '1', '2', '1', '2', 0x31);
INSERT INTO `registro` VALUES ('127', '21/03/2015', '13:20:01', 0x30, 0x30, 0x30, 0x30, 0x30, '15', '8', '0', '170', '177', '0', 0x30, 0x31, 0x31, '1', '2', '1', '2', 0x31);
INSERT INTO `registro` VALUES ('128', '21/03/2015', '13:20:01', 0x30, 0x30, 0x31, 0x30, 0x30, '25', '32', '176', '170', '177', '169', 0x30, 0x30, 0x31, '1', '2', '2', '3', 0x31);
INSERT INTO `registro` VALUES ('129', '21/03/2015', '13:20:01', 0x30, 0x30, 0x30, 0x31, 0x30, '900', '542', '0', '0', '0', '0', 0x00, 0x00, 0x00, '1', '0', '0', '0', 0x00);
INSERT INTO `registro` VALUES ('130', '21/03/2015', '14:20:01', 0x31, 0x30, 0x31, 0x30, 0x30, '18', '18', '172', '175', '180', '169', 0x30, 0x30, 0x30, '1', '1', '1', '2', 0x31);
INSERT INTO `registro` VALUES ('131', '21/03/2015', '14:20:01', 0x30, 0x30, 0x31, 0x30, 0x30, '32', '32', '148', '148', '149', '145', 0x30, 0x30, 0x31, '1', '1', '2', '3', 0x31);
INSERT INTO `registro` VALUES ('132', '21/03/2015', '14:20:01', 0x30, 0x30, 0x30, 0x31, 0x30, '900', '532', '0', '0', '0', '0', 0x00, 0x00, 0x00, '1', '0', '0', '0', 0x00);
INSERT INTO `registro` VALUES ('133', '21/03/2015', '15:20:01', 0x30, 0x30, 0x31, 0x30, 0x30, '18', '18', '170', '175', '180', '169', 0x30, 0x31, 0x31, '1', '1', '1', '2', 0x31);
INSERT INTO `registro` VALUES ('134', '21/03/2015', '15:20:01', 0x30, 0x30, 0x30, 0x31, 0x30, '900', '516', '0', '0', '0', '0', 0x00, 0x00, 0x00, '1', '0', '0', '0', 0x00);
INSERT INTO `registro` VALUES ('135', '21/03/2015', '15:20:01', 0x31, 0x30, 0x31, 0x30, 0x30, '32', '32', '145', '148', '149', '145', 0x30, 0x30, 0x30, '1', '1', '2', '3', 0x31);
INSERT INTO `registro` VALUES ('136', '21/03/2015', '16:20:01', 0x30, 0x31, 0x30, 0x30, 0x30, '18', '8', '0', '175', '180', '0', 0x30, 0x31, 0x31, '1', '0', '1', '2', 0x30);
INSERT INTO `registro` VALUES ('137', '21/03/2015', '16:20:01', 0x30, 0x30, 0x30, 0x31, 0x30, '900', '516', '0', '0', '0', '0', 0x00, 0x00, 0x00, '1', '0', '0', '0', 0x00);
INSERT INTO `registro` VALUES ('138', '21/03/2015', '16:20:01', 0x30, 0x30, 0x31, 0x30, 0x30, '32', '32', '149', '148', '149', '145', 0x30, 0x30, 0x31, '1', '0', '2', '3', 0x30);
INSERT INTO `registro` VALUES ('139', '21/03/2015', '17:20:01', 0x30, 0x30, 0x30, 0x31, 0x30, '900', '516', '0', '0', '0', '0', 0x00, 0x00, 0x00, '1', '0', '0', '0', 0x00);
INSERT INTO `registro` VALUES ('140', '21/03/2015', '17:20:01', 0x30, 0x30, 0x31, 0x30, 0x30, '25', '32', '169', '170', '177', '169', 0x30, 0x31, 0x30, '1', '0', '2', '3', 0x30);
INSERT INTO `registro` VALUES ('141', '21/03/2015', '17:20:01', 0x30, 0x31, 0x30, 0x30, 0x30, '18', '8', '0', '175', '180', '0', 0x30, 0x31, 0x31, '1', '0', '1', '2', 0x30);
INSERT INTO `registro` VALUES ('142', '21/03/2015', '18:20:01', 0x30, 0x30, 0x30, 0x30, 0x30, '18', '8', '0', '175', '180', '0', 0x30, 0x31, 0x31, '1', '0', '1', '2', 0x30);
INSERT INTO `registro` VALUES ('143', '21/03/2015', '18:20:01', 0x30, 0x30, 0x30, 0x31, 0x30, '900', '516', '0', '0', '0', '0', 0x00, 0x00, 0x00, '1', '0', '0', '0', 0x00);
INSERT INTO `registro` VALUES ('144', '21/03/2015', '18:20:01', 0x30, 0x30, 0x30, 0x31, 0x30, '20', '20', '0', '175', '180', '0', 0x30, 0x31, 0x31, '1', '0', '2', '3', 0x30);
INSERT INTO `registro` VALUES ('145', '21/03/2015', '19:20:01', 0x30, 0x30, 0x30, 0x31, 0x30, '900', '506', '0', '0', '0', '0', 0x00, 0x00, 0x00, '1', '0', '0', '0', 0x00);
INSERT INTO `registro` VALUES ('146', '21/03/2015', '19:20:01', 0x30, 0x30, 0x30, 0x31, 0x30, '32', '20', '149', '148', '149', '149', 0x31, 0x31, 0x31, '1', '1', '2', '3', 0x31);
INSERT INTO `registro` VALUES ('147', '21/03/2015', '19:20:01', 0x31, 0x30, 0x31, 0x30, 0x30, '18', '18', '179', '175', '180', '170', 0x30, 0x30, 0x31, '1', '1', '1', '2', 0x31);
INSERT INTO `registro` VALUES ('148', '21/03/2015', '20:20:01', 0x31, 0x30, 0x31, 0x30, 0x30, '18', '18', '180', '175', '180', '170', 0x30, 0x30, 0x31, '1', '1', '1', '2', 0x31);
INSERT INTO `registro` VALUES ('149', '21/03/2015', '20:20:01', 0x30, 0x30, 0x30, 0x30, 0x30, '900', '494', '0', '0', '0', '0', 0x00, 0x00, 0x00, '1', '0', '0', '0', 0x00);
INSERT INTO `registro` VALUES ('150', '21/03/2015', '20:20:01', 0x31, 0x30, 0x31, 0x30, 0x30, '32', '32', '145', '148', '149', '145', 0x30, 0x30, 0x30, '1', '1', '2', '3', 0x31);
INSERT INTO `registro` VALUES ('151', '21/03/2015', '21:20:01', 0x30, 0x31, 0x30, 0x30, 0x30, '15', '17', '173', '170', '177', '170', 0x30, 0x30, 0x30, '1', '2', '1', '2', 0x31);
INSERT INTO `registro` VALUES ('152', '21/03/2015', '21:20:01', 0x30, 0x30, 0x30, 0x30, 0x30, '900', '494', '0', '0', '0', '0', 0x00, 0x00, 0x00, '1', '0', '0', '0', 0x00);
INSERT INTO `registro` VALUES ('153', '21/03/2015', '21:20:01', 0x30, 0x31, 0x31, 0x30, 0x30, '25', '30', '169', '170', '177', '145', 0x30, 0x30, 0x30, '1', '2', '2', '3', 0x31);
INSERT INTO `registro` VALUES ('154', '21/03/2015', '22:20:01', 0x30, 0x30, 0x30, 0x30, 0x30, '900', '492', '0', '0', '0', '0', 0x00, 0x00, 0x00, '1', '0', '0', '0', 0x00);
INSERT INTO `registro` VALUES ('155', '21/03/2015', '22:20:01', 0x31, 0x30, 0x31, 0x30, 0x30, '32', '32', '145', '148', '149', '140', 0x30, 0x30, 0x31, '1', '2', '2', '3', 0x31);
INSERT INTO `registro` VALUES ('156', '21/03/2015', '22:20:01', 0x31, 0x30, 0x30, 0x30, 0x30, '15', '17', '176', '170', '177', '169', 0x31, 0x30, 0x31, '1', '2', '1', '2', 0x31);
INSERT INTO `registro` VALUES ('157', '21/03/2015', '23:20:01', 0x30, 0x30, 0x30, 0x30, 0x30, '900', '492', '0', '0', '0', '0', 0x00, 0x00, 0x00, '1', '0', '0', '0', 0x00);
INSERT INTO `registro` VALUES ('158', '21/03/2015', '23:20:01', 0x31, 0x30, 0x31, 0x30, 0x30, '32', '32', '145', '148', '149', '140', 0x30, 0x30, 0x30, '1', '2', '2', '3', 0x31);
INSERT INTO `registro` VALUES ('159', '21/03/2015', '23:20:01', 0x31, 0x30, 0x30, 0x30, 0x30, '15', '17', '176', '170', '177', '169', 0x30, 0x30, 0x31, '1', '2', '1', '2', 0x31);
INSERT INTO `registro` VALUES ('160', '22/03/2015', '0:20:01', 0x30, 0x30, 0x30, 0x30, 0x30, '900', '491', '0', '0', '0', '0', 0x00, 0x00, 0x00, '1', '0', '0', '0', 0x00);
INSERT INTO `registro` VALUES ('161', '22/03/2015', '0:20:01', 0x30, 0x31, 0x30, 0x30, 0x31, '32', '2', '0', '148', '149', '0', 0x30, 0x31, 0x31, '1', '1', '2', '3', 0x31);
INSERT INTO `registro` VALUES ('162', '22/03/2015', '0:20:01', 0x30, 0x30, 0x31, 0x30, 0x30, '18', '18', '171', '175', '180', '169', 0x30, 0x30, 0x30, '1', '1', '1', '2', 0x31);
INSERT INTO `registro` VALUES ('163', '22/03/2015', '1:20:01', 0x30, 0x30, 0x30, 0x30, 0x30, '900', '468', '0', '0', '0', '0', 0x00, 0x00, 0x00, '1', '0', '0', '0', 0x00);
INSERT INTO `registro` VALUES ('164', '22/03/2015', '1:20:01', 0x31, 0x30, 0x30, 0x31, 0x30, '25', '25', '171', '170', '177', '169', 0x30, 0x30, 0x30, '1', '2', '2', '3', 0x31);
INSERT INTO `registro` VALUES ('165', '22/03/2015', '1:20:01', 0x30, 0x30, 0x31, 0x30, 0x30, '15', '18', '177', '170', '177', '169', 0x30, 0x30, 0x31, '1', '2', '1', '2', 0x31);
INSERT INTO `registro` VALUES ('166', '22/03/2015', '2:20:01', 0x30, 0x30, 0x31, 0x30, 0x30, '16', '18', '170', '170', '175', '169', 0x30, 0x31, 0x31, '1', '3', '1', '2', 0x31);
INSERT INTO `registro` VALUES ('167', '22/03/2015', '2:20:01', 0x30, 0x30, 0x30, 0x30, 0x30, '900', '461', '0', '0', '0', '0', 0x00, 0x00, 0x00, '1', '0', '0', '0', 0x00);
INSERT INTO `registro` VALUES ('168', '22/03/2015', '2:20:01', 0x31, 0x30, 0x31, 0x30, 0x30, '32', '32', '148', '148', '149', '145', 0x31, 0x30, 0x31, '1', '3', '2', '3', 0x31);
INSERT INTO `registro` VALUES ('169', '22/03/2015', '3:20:01', 0x30, 0x30, 0x30, 0x30, 0x31, '16', '5', '0', '170', '175', '0', 0x30, 0x31, 0x31, '1', '0', '1', '2', 0x30);
INSERT INTO `registro` VALUES ('170', '22/03/2015', '3:20:01', 0x30, 0x30, 0x30, 0x30, 0x30, '900', '461', '0', '0', '0', '0', 0x00, 0x00, 0x00, '1', '0', '0', '0', 0x00);
INSERT INTO `registro` VALUES ('171', '22/03/2015', '3:20:01', 0x30, 0x30, 0x31, 0x30, 0x30, '25', '31', '154', '170', '177', '145', 0x30, 0x30, 0x30, '1', '0', '2', '3', 0x30);
INSERT INTO `registro` VALUES ('172', '22/03/2015', '4:20:01', 0x30, 0x30, 0x30, 0x30, 0x30, '900', '448', '0', '0', '0', '0', 0x00, 0x00, 0x00, '1', '0', '0', '0', 0x00);
INSERT INTO `registro` VALUES ('173', '22/03/2015', '4:20:01', 0x30, 0x30, 0x31, 0x30, 0x30, '20', '31', '178', '175', '180', '170', 0x30, 0x30, 0x31, '1', '1', '2', '3', 0x31);
INSERT INTO `registro` VALUES ('174', '22/03/2015', '4:20:01', 0x31, 0x30, 0x31, 0x30, 0x30, '18', '18', '173', '175', '180', '170', 0x30, 0x30, 0x30, '1', '1', '1', '2', 0x31);
INSERT INTO `registro` VALUES ('175', '22/03/2015', '5:20:01', 0x30, 0x30, 0x30, 0x30, 0x30, '900', '448', '0', '0', '0', '0', 0x00, 0x00, 0x00, '1', '0', '0', '0', 0x00);
INSERT INTO `registro` VALUES ('176', '22/03/2015', '5:20:01', 0x30, 0x30, 0x31, 0x30, 0x30, '25', '31', '171', '170', '177', '169', 0x30, 0x30, 0x31, '1', '1', '2', '3', 0x31);
INSERT INTO `registro` VALUES ('177', '22/03/2015', '5:20:01', 0x31, 0x30, 0x31, 0x30, 0x30, '18', '18', '173', '175', '180', '170', 0x30, 0x30, 0x31, '1', '1', '1', '2', 0x31);
INSERT INTO `registro` VALUES ('178', '22/03/2015', '6:20:01', 0x30, 0x30, 0x30, 0x30, 0x30, '15', '17', '170', '170', '177', '169', 0x30, 0x31, 0x31, '1', '2', '1', '2', 0x31);
INSERT INTO `registro` VALUES ('179', '22/03/2015', '6:20:01', 0x30, 0x30, 0x31, 0x30, 0x30, '25', '30', '175', '170', '177', '169', 0x30, 0x30, 0x31, '1', '2', '2', '3', 0x31);
INSERT INTO `registro` VALUES ('180', '22/03/2015', '6:20:01', 0x30, 0x30, 0x30, 0x30, 0x30, '900', '448', '0', '0', '0', '0', 0x00, 0x00, 0x00, '1', '0', '0', '0', 0x00);
INSERT INTO `registro` VALUES ('181', '22/03/2015', '7:20:01', 0x30, 0x30, 0x30, 0x30, 0x30, '16', '17', '173', '170', '175', '169', 0x30, 0x30, 0x31, '1', '3', '1', '2', 0x31);
INSERT INTO `registro` VALUES ('182', '22/03/2015', '7:20:01', 0x30, 0x30, 0x31, 0x30, 0x30, '25', '30', '169', '170', '177', '169', 0x30, 0x31, 0x30, '1', '3', '2', '3', 0x31);
INSERT INTO `registro` VALUES ('183', '22/03/2015', '7:20:01', 0x30, 0x30, 0x30, 0x30, 0x30, '900', '448', '0', '0', '0', '0', 0x00, 0x00, 0x00, '1', '0', '0', '0', 0x00);
INSERT INTO `registro` VALUES ('184', '22/03/2015', '8:20:01', 0x30, 0x30, 0x30, 0x30, 0x30, '16', '16', '174', '170', '175', '169', 0x30, 0x30, 0x31, '1', '3', '1', '2', 0x31);
INSERT INTO `registro` VALUES ('185', '22/03/2015', '8:20:01', 0x30, 0x30, 0x30, 0x30, 0x30, '900', '448', '0', '0', '0', '0', 0x00, 0x00, 0x00, '1', '0', '0', '0', 0x00);
INSERT INTO `registro` VALUES ('186', '22/03/2015', '8:20:01', 0x30, 0x30, 0x30, 0x30, 0x30, '20', '29', '178', '175', '180', '169', 0x30, 0x30, 0x30, '1', '3', '2', '3', 0x31);
INSERT INTO `registro` VALUES ('187', '22/03/2015', '9:20:01', 0x30, 0x30, 0x30, 0x30, 0x30, '18', '16', '170', '175', '180', '169', 0x30, 0x30, 0x30, '1', '1', '1', '2', 0x31);
INSERT INTO `registro` VALUES ('188', '22/03/2015', '9:20:01', 0x30, 0x30, 0x30, 0x30, 0x30, '900', '448', '0', '0', '0', '0', 0x00, 0x00, 0x00, '1', '0', '0', '0', 0x00);
INSERT INTO `registro` VALUES ('189', '22/03/2015', '9:20:01', 0x30, 0x30, 0x30, 0x30, 0x30, '32', '29', '148', '148', '149', '140', 0x31, 0x30, 0x31, '1', '1', '2', '3', 0x31);
INSERT INTO `registro` VALUES ('190', '22/03/2015', '10:20:01', 0x30, 0x30, 0x30, 0x30, 0x30, '900', '448', '0', '0', '0', '0', 0x00, 0x00, 0x00, '1', '0', '0', '0', 0x00);
INSERT INTO `registro` VALUES ('191', '22/03/2015', '10:20:01', 0x30, 0x30, 0x30, 0x30, 0x30, '32', '28', '147', '148', '149', '140', 0x30, 0x30, 0x30, '1', '2', '2', '3', 0x31);
INSERT INTO `registro` VALUES ('192', '22/03/2015', '10:20:01', 0x30, 0x30, 0x30, 0x30, 0x30, '15', '15', '171', '170', '177', '169', 0x30, 0x30, 0x30, '1', '2', '1', '2', 0x31);
INSERT INTO `registro` VALUES ('193', '22/03/2015', '11:20:01', 0x30, 0x30, 0x30, 0x30, 0x30, '16', '16', '174', '170', '175', '169', 0x31, 0x30, 0x31, '1', '3', '1', '2', 0x31);
INSERT INTO `registro` VALUES ('194', '22/03/2015', '11:20:01', 0x30, 0x30, 0x30, 0x30, 0x30, '900', '447', '0', '0', '0', '0', 0x00, 0x00, 0x00, '1', '0', '0', '0', 0x00);
INSERT INTO `registro` VALUES ('195', '22/03/2015', '11:20:01', 0x30, 0x30, 0x30, 0x30, 0x30, '20', '28', '179', '175', '180', '169', 0x31, 0x30, 0x31, '1', '3', '2', '3', 0x31);
INSERT INTO `registro` VALUES ('196', '22/03/2015', '12:20:01', 0x30, 0x30, 0x30, 0x30, 0x30, '15', '15', '171', '170', '177', '169', 0x30, 0x30, 0x31, '1', '2', '1', '2', 0x31);
INSERT INTO `registro` VALUES ('197', '22/03/2015', '12:20:01', 0x30, 0x30, 0x30, 0x30, 0x30, '25', '27', '175', '170', '177', '169', 0x30, 0x30, 0x30, '1', '2', '2', '3', 0x31);
INSERT INTO `registro` VALUES ('198', '22/03/2015', '12:20:01', 0x30, 0x30, 0x30, 0x30, 0x30, '900', '447', '0', '0', '0', '0', 0x00, 0x00, 0x00, '1', '0', '0', '0', 0x00);
INSERT INTO `registro` VALUES ('199', '22/03/2015', '13:20:01', 0x30, 0x31, 0x30, 0x30, 0x31, '15', '1', '0', '170', '177', '0', 0x30, 0x31, 0x31, '1', '0', '1', '2', 0x31);
INSERT INTO `registro` VALUES ('200', '22/03/2015', '13:20:01', 0x30, 0x30, 0x30, 0x30, 0x30, '900', '447', '0', '0', '0', '0', 0x00, 0x00, 0x00, '1', '0', '0', '0', 0x00);
INSERT INTO `registro` VALUES ('201', '22/03/2015', '13:20:01', 0x30, 0x30, 0x30, 0x30, 0x30, '25', '27', '175', '170', '177', '169', 0x30, 0x30, 0x31, '1', '0', '2', '3', 0x31);
INSERT INTO `registro` VALUES ('202', '22/03/2015', '14:20:01', 0x31, 0x30, 0x30, 0x30, 0x30, '15', '15', '174', '170', '177', '165', 0x30, 0x30, 0x31, '1', '2', '1', '2', 0x31);
INSERT INTO `registro` VALUES ('203', '22/03/2015', '14:20:01', 0x30, 0x30, 0x30, 0x30, 0x30, '900', '433', '0', '0', '0', '0', 0x00, 0x00, 0x00, '1', '0', '0', '0', 0x00);
INSERT INTO `registro` VALUES ('204', '22/03/2015', '14:20:01', 0x30, 0x30, 0x30, 0x30, 0x30, '20', '27', '177', '175', '180', '169', 0x30, 0x30, 0x31, '1', '2', '2', '3', 0x31);
INSERT INTO `registro` VALUES ('205', '22/03/2015', '15:20:01', 0x30, 0x30, 0x30, 0x30, 0x30, '900', '433', '0', '0', '0', '0', 0x00, 0x00, 0x00, '1', '0', '0', '0', 0x00);
INSERT INTO `registro` VALUES ('206', '22/03/2015', '15:20:01', 0x30, 0x30, 0x30, 0x30, 0x30, '20', '26', '176', '175', '180', '169', 0x30, 0x30, 0x31, '1', '2', '2', '3', 0x31);
INSERT INTO `registro` VALUES ('207', '22/03/2015', '15:20:01', 0x30, 0x30, 0x30, 0x30, 0x30, '15', '15', '165', '170', '177', '165', 0x30, 0x31, 0x30, '1', '2', '1', '2', 0x31);
INSERT INTO `registro` VALUES ('208', '22/03/2015', '16:20:01', 0x30, 0x30, 0x30, 0x30, 0x30, '15', '15', '0', '170', '177', '0', 0x30, 0x31, 0x31, '1', '2', '1', '2', 0x30);
INSERT INTO `registro` VALUES ('209', '22/03/2015', '16:20:01', 0x30, 0x30, 0x30, 0x30, 0x30, '25', '26', '169', '170', '177', '169', 0x30, 0x30, 0x30, '1', '2', '2', '3', 0x30);
INSERT INTO `registro` VALUES ('210', '22/03/2015', '16:20:01', 0x30, 0x30, 0x30, 0x30, 0x30, '900', '433', '0', '0', '0', '0', 0x00, 0x00, 0x00, '1', '0', '0', '0', 0x00);
INSERT INTO `registro` VALUES ('211', '22/03/2015', '17:20:01', 0x30, 0x30, 0x30, 0x30, 0x30, '15', '15', '172', '170', '177', '169', 0x30, 0x30, 0x30, '1', '2', '1', '2', 0x31);
INSERT INTO `registro` VALUES ('212', '22/03/2015', '17:20:01', 0x30, 0x30, 0x30, 0x30, 0x31, '25', '1', '0', '170', '177', '0', 0x30, 0x31, 0x31, '1', '2', '2', '3', 0x31);
INSERT INTO `registro` VALUES ('213', '22/03/2015', '17:20:01', 0x30, 0x30, 0x30, 0x30, 0x30, '900', '433', '0', '0', '0', '0', 0x00, 0x00, 0x00, '1', '0', '0', '0', 0x00);
INSERT INTO `registro` VALUES ('214', '22/03/2015', '18:20:01', 0x30, 0x30, 0x30, 0x30, 0x30, '16', '15', '174', '170', '175', '169', 0x30, 0x30, 0x31, '1', '3', '1', '2', 0x31);
INSERT INTO `registro` VALUES ('215', '22/03/2015', '18:20:01', 0x30, 0x30, 0x30, 0x30, 0x31, '25', '1', '0', '170', '177', '0', 0x30, 0x31, 0x31, '1', '3', '2', '3', 0x31);
INSERT INTO `registro` VALUES ('216', '22/03/2015', '18:20:01', 0x30, 0x30, 0x30, 0x30, 0x30, '900', '433', '0', '0', '0', '0', 0x00, 0x00, 0x00, '1', '0', '0', '0', 0x00);
INSERT INTO `registro` VALUES ('217', '22/03/2015', '19:20:01', 0x30, 0x30, 0x30, 0x30, 0x30, '15', '15', '173', '170', '177', '169', 0x30, 0x30, 0x30, '1', '2', '1', '2', 0x31);
INSERT INTO `registro` VALUES ('218', '22/03/2015', '19:20:01', 0x30, 0x30, 0x30, 0x30, 0x30, '900', '409', '0', '0', '0', '0', 0x00, 0x00, 0x00, '1', '0', '0', '0', 0x00);
INSERT INTO `registro` VALUES ('219', '22/03/2015', '19:20:01', 0x31, 0x30, 0x30, 0x31, 0x30, '25', '25', '173', '170', '177', '165', 0x30, 0x30, 0x30, '1', '2', '2', '3', 0x31);
INSERT INTO `registro` VALUES ('220', '22/03/2015', '20:20:01', 0x30, 0x30, 0x30, 0x30, 0x30, '900', '409', '0', '0', '0', '0', 0x00, 0x00, 0x00, '1', '0', '0', '0', 0x00);
INSERT INTO `registro` VALUES ('221', '22/03/2015', '20:20:01', 0x30, 0x30, 0x30, 0x30, 0x30, '16', '15', '170', '170', '175', '169', 0x30, 0x30, 0x30, '1', '3', '1', '2', 0x31);
INSERT INTO `registro` VALUES ('222', '22/03/2015', '20:20:01', 0x31, 0x30, 0x30, 0x31, 0x30, '25', '25', '175', '170', '177', '165', 0x30, 0x30, 0x30, '1', '3', '2', '3', 0x31);
INSERT INTO `registro` VALUES ('223', '22/03/2015', '21:20:01', 0x30, 0x30, 0x30, 0x30, 0x30, '16', '15', '171', '170', '175', '169', 0x30, 0x30, 0x31, '1', '3', '1', '2', 0x31);
INSERT INTO `registro` VALUES ('224', '22/03/2015', '21:20:01', 0x31, 0x30, 0x30, 0x31, 0x30, '25', '25', '166', '170', '177', '165', 0x30, 0x31, 0x31, '1', '3', '2', '3', 0x31);
INSERT INTO `registro` VALUES ('225', '22/03/2015', '21:20:01', 0x30, 0x30, 0x30, 0x30, 0x30, '900', '409', '0', '0', '0', '0', 0x00, 0x00, 0x00, '1', '0', '0', '0', 0x00);
INSERT INTO `registro` VALUES ('226', '22/03/2015', '22:20:01', 0x30, 0x31, 0x30, 0x31, 0x30, '16', '14', '175', '170', '175', '169', 0x30, 0x30, 0x31, '1', '3', '1', '2', 0x31);
INSERT INTO `registro` VALUES ('227', '22/03/2015', '22:20:01', 0x30, 0x31, 0x30, 0x31, 0x30, '20', '24', '165', '175', '180', '165', 0x30, 0x30, 0x30, '1', '3', '2', '3', 0x31);
INSERT INTO `registro` VALUES ('228', '22/03/2015', '22:20:01', 0x30, 0x30, 0x30, 0x30, 0x30, '900', '409', '0', '0', '0', '0', 0x00, 0x00, 0x00, '1', '0', '0', '0', 0x00);
INSERT INTO `registro` VALUES ('229', '22/03/2015', '23:20:01', 0x30, 0x31, 0x30, 0x31, 0x30, '18', '14', '179', '175', '180', '169', 0x31, 0x30, 0x31, '1', '1', '1', '2', 0x31);
INSERT INTO `registro` VALUES ('230', '22/03/2015', '23:20:01', 0x30, 0x31, 0x30, 0x31, 0x30, '20', '24', '166', '175', '180', '165', 0x30, 0x31, 0x31, '1', '1', '2', '3', 0x31);
INSERT INTO `registro` VALUES ('231', '22/03/2015', '23:20:01', 0x30, 0x30, 0x30, 0x30, 0x30, '900', '409', '0', '0', '0', '0', 0x00, 0x00, 0x00, '1', '0', '0', '0', 0x00);
INSERT INTO `registro` VALUES ('232', '23/03/2015', '0:20:01', 0x30, 0x30, 0x30, 0x30, 0x30, '18', '8', '0', '175', '180', '0', 0x30, 0x31, 0x31, '1', '0', '1', '2', 0x31);
INSERT INTO `registro` VALUES ('233', '23/03/2015', '0:20:01', 0x30, 0x30, 0x30, 0x30, 0x30, '900', '409', '0', '0', '0', '0', 0x00, 0x00, 0x00, '1', '0', '0', '0', 0x00);
INSERT INTO `registro` VALUES ('234', '23/03/2015', '0:20:01', 0x30, 0x30, 0x30, 0x31, 0x30, '32', '24', '143', '148', '149', '140', 0x30, 0x30, 0x31, '1', '0', '2', '3', 0x31);
INSERT INTO `registro` VALUES ('235', '23/03/2015', '1:20:01', 0x30, 0x30, 0x30, 0x30, 0x30, '900', '399', '0', '0', '0', '0', 0x00, 0x00, 0x00, '1', '0', '0', '0', 0x00);
INSERT INTO `registro` VALUES ('236', '23/03/2015', '1:20:01', 0x30, 0x30, 0x30, 0x31, 0x30, '32', '24', '145', '148', '149', '140', 0x30, 0x30, 0x30, '1', '2', '2', '3', 0x31);
INSERT INTO `registro` VALUES ('237', '23/03/2015', '1:20:01', 0x31, 0x30, 0x31, 0x30, 0x30, '15', '18', '171', '170', '177', '169', 0x30, 0x30, 0x31, '1', '2', '1', '2', 0x31);
INSERT INTO `registro` VALUES ('238', '23/03/2015', '2:20:01', 0x31, 0x30, 0x31, 0x30, 0x30, '15', '18', '171', '170', '177', '169', 0x30, 0x30, 0x31, '1', '2', '1', '2', 0x31);
INSERT INTO `registro` VALUES ('239', '23/03/2015', '2:20:01', 0x30, 0x30, 0x30, 0x30, 0x30, '900', '399', '0', '0', '0', '0', 0x00, 0x00, 0x00, '1', '0', '0', '0', 0x00);
INSERT INTO `registro` VALUES ('240', '23/03/2015', '2:20:01', 0x30, 0x30, 0x30, 0x31, 0x30, '32', '24', '148', '148', '149', '140', 0x30, 0x30, 0x31, '1', '2', '2', '3', 0x31);
INSERT INTO `registro` VALUES ('241', '23/03/2015', '3:20:01', 0x31, 0x30, 0x31, 0x30, 0x30, '18', '18', '170', '175', '180', '169', 0x30, 0x31, 0x31, '1', '1', '1', '2', 0x31);
INSERT INTO `registro` VALUES ('242', '23/03/2015', '3:20:01', 0x30, 0x30, 0x30, 0x31, 0x30, '25', '24', '171', '170', '177', '165', 0x30, 0x30, 0x31, '1', '1', '2', '3', 0x31);
INSERT INTO `registro` VALUES ('243', '23/03/2015', '3:20:01', 0x30, 0x30, 0x30, 0x30, 0x30, '900', '399', '0', '0', '0', '0', 0x00, 0x00, 0x00, '1', '0', '0', '0', 0x00);
INSERT INTO `registro` VALUES ('244', '23/03/2015', '4:20:01', 0x30, 0x30, 0x30, 0x30, 0x31, '18', '0', '0', '175', '180', '0', 0x30, 0x31, 0x31, '1', '0', '1', '2', 0x30);
INSERT INTO `registro` VALUES ('245', '23/03/2015', '4:20:01', 0x30, 0x30, 0x30, 0x31, 0x30, '32', '24', '142', '148', '149', '140', 0x30, 0x30, 0x31, '1', '0', '2', '3', 0x30);
INSERT INTO `registro` VALUES ('246', '23/03/2015', '4:20:01', 0x30, 0x30, 0x30, 0x30, 0x30, '900', '399', '0', '0', '0', '0', 0x00, 0x00, 0x00, '1', '0', '0', '0', 0x00);
INSERT INTO `registro` VALUES ('247', '23/03/2015', '5:20:01', 0x31, 0x30, 0x31, 0x30, 0x30, '15', '18', '160', '170', '177', '169', 0x30, 0x31, 0x31, '1', '2', '1', '2', 0x31);
INSERT INTO `registro` VALUES ('248', '23/03/2015', '5:20:01', 0x30, 0x30, 0x30, 0x30, 0x30, '900', '381', '0', '0', '0', '0', 0x00, 0x00, 0x00, '1', '0', '0', '0', 0x00);
INSERT INTO `registro` VALUES ('249', '23/03/2015', '5:20:01', 0x30, 0x30, 0x30, 0x31, 0x30, '32', '24', '144', '148', '149', '140', 0x30, 0x30, 0x30, '1', '2', '2', '3', 0x31);
INSERT INTO `registro` VALUES ('250', '23/03/2015', '6:20:01', 0x30, 0x30, 0x30, 0x30, 0x30, '900', '381', '0', '0', '0', '0', 0x00, 0x00, 0x00, '1', '0', '0', '0', 0x00);
INSERT INTO `registro` VALUES ('251', '23/03/2015', '6:20:01', 0x30, 0x30, 0x30, 0x31, 0x30, '20', '24', '172', '175', '180', '169', 0x30, 0x30, 0x30, '1', '3', '2', '3', 0x31);
INSERT INTO `registro` VALUES ('252', '23/03/2015', '6:20:01', 0x31, 0x30, 0x31, 0x30, 0x30, '16', '18', '170', '170', '175', '169', 0x30, 0x30, 0x30, '1', '3', '1', '2', 0x31);
INSERT INTO `registro` VALUES ('253', '23/03/2015', '7:20:01', 0x30, 0x30, 0x30, 0x30, 0x30, '900', '381', '0', '0', '0', '0', 0x00, 0x00, 0x00, '1', '0', '0', '0', 0x00);
INSERT INTO `registro` VALUES ('254', '23/03/2015', '7:20:01', 0x30, 0x30, 0x30, 0x31, 0x30, '32', '23', '142', '148', '149', '140', 0x30, 0x30, 0x30, '1', '2', '2', '3', 0x31);
INSERT INTO `registro` VALUES ('255', '23/03/2015', '7:20:01', 0x30, 0x30, 0x30, 0x30, 0x30, '15', '17', '175', '170', '177', '169', 0x30, 0x30, 0x30, '1', '2', '1', '2', 0x31);
INSERT INTO `registro` VALUES ('256', '23/03/2015', '8:20:01', 0x30, 0x30, 0x30, 0x30, 0x30, '16', '17', '173', '170', '175', '169', 0x30, 0x30, 0x31, '1', '3', '1', '2', 0x31);
INSERT INTO `registro` VALUES ('257', '23/03/2015', '8:20:01', 0x30, 0x30, 0x30, 0x31, 0x30, '20', '23', '175', '175', '180', '169', 0x30, 0x30, 0x30, '1', '3', '2', '3', 0x31);
INSERT INTO `registro` VALUES ('258', '23/03/2015', '8:20:01', 0x30, 0x30, 0x30, 0x30, 0x30, '900', '381', '0', '0', '0', '0', 0x00, 0x00, 0x00, '1', '0', '0', '0', 0x00);
INSERT INTO `registro` VALUES ('259', '23/03/2015', '9:20:01', 0x30, 0x30, 0x30, 0x30, 0x30, '15', '16', '173', '170', '177', '169', 0x30, 0x30, 0x31, '1', '2', '1', '2', 0x31);
INSERT INTO `registro` VALUES ('260', '23/03/2015', '9:20:01', 0x30, 0x30, 0x30, 0x30, 0x30, '900', '381', '0', '0', '0', '0', 0x00, 0x00, 0x00, '1', '0', '0', '0', 0x00);
INSERT INTO `registro` VALUES ('261', '23/03/2015', '9:20:01', 0x30, 0x30, 0x30, 0x31, 0x30, '20', '22', '173', '175', '180', '169', 0x30, 0x30, 0x31, '1', '2', '2', '3', 0x31);
INSERT INTO `registro` VALUES ('262', '23/03/2015', '10:20:01', 0x30, 0x30, 0x30, 0x30, 0x30, '16', '16', '175', '170', '175', '169', 0x30, 0x30, 0x31, '1', '3', '1', '2', 0x31);
INSERT INTO `registro` VALUES ('263', '23/03/2015', '10:20:01', 0x30, 0x30, 0x30, 0x30, 0x30, '900', '381', '0', '0', '0', '0', 0x00, 0x00, 0x00, '1', '0', '0', '0', 0x00);
INSERT INTO `registro` VALUES ('264', '23/03/2015', '10:20:01', 0x30, 0x31, 0x30, 0x30, 0x31, '20', '1', '0', '175', '180', '0', 0x30, 0x31, 0x31, '1', '3', '2', '3', 0x31);
INSERT INTO `registro` VALUES ('265', '23/03/2015', '11:20:01', 0x30, 0x30, 0x30, 0x30, 0x30, '16', '16', '175', '170', '175', '169', 0x30, 0x30, 0x31, '1', '3', '1', '2', 0x31);
INSERT INTO `registro` VALUES ('266', '23/03/2015', '11:20:01', 0x30, 0x30, 0x30, 0x30, 0x30, '900', '357', '0', '0', '0', '0', 0x00, 0x00, 0x00, '1', '0', '0', '0', 0x00);
INSERT INTO `registro` VALUES ('267', '23/03/2015', '11:20:01', 0x31, 0x30, 0x30, 0x31, 0x30, '25', '25', '174', '170', '177', '169', 0x30, 0x30, 0x30, '1', '3', '2', '3', 0x31);
INSERT INTO `registro` VALUES ('268', '23/03/2015', '12:20:01', 0x30, 0x30, 0x30, 0x30, 0x30, '900', '350', '0', '0', '0', '0', 0x00, 0x00, 0x00, '1', '0', '0', '0', 0x00);
INSERT INTO `registro` VALUES ('269', '23/03/2015', '12:20:01', 0x31, 0x30, 0x31, 0x30, 0x30, '32', '32', '146', '148', '149', '140', 0x30, 0x30, 0x30, '1', '2', '2', '3', 0x31);
INSERT INTO `registro` VALUES ('270', '23/03/2015', '12:20:01', 0x30, 0x30, 0x30, 0x30, 0x30, '15', '16', '174', '170', '177', '169', 0x30, 0x30, 0x30, '1', '2', '1', '2', 0x31);
INSERT INTO `registro` VALUES ('271', '23/03/2015', '13:20:01', 0x30, 0x30, 0x30, 0x30, 0x30, '18', '16', '177', '175', '180', '169', 0x30, 0x30, 0x30, '1', '1', '1', '2', 0x31);
INSERT INTO `registro` VALUES ('272', '23/03/2015', '13:20:01', 0x31, 0x30, 0x31, 0x30, 0x30, '20', '32', '178', '175', '180', '168', 0x30, 0x30, 0x30, '1', '1', '2', '3', 0x31);
INSERT INTO `registro` VALUES ('273', '23/03/2015', '13:20:01', 0x30, 0x30, 0x30, 0x30, 0x30, '900', '350', '0', '0', '0', '0', 0x00, 0x00, 0x00, '1', '0', '0', '0', 0x00);
INSERT INTO `registro` VALUES ('274', '23/03/2015', '14:20:01', 0x30, 0x30, 0x30, 0x30, 0x30, '15', '15', '172', '170', '177', '169', 0x30, 0x30, 0x31, '1', '2', '1', '2', 0x31);
INSERT INTO `registro` VALUES ('275', '23/03/2015', '14:20:01', 0x30, 0x30, 0x31, 0x30, 0x30, '25', '30', '175', '170', '177', '168', 0x30, 0x30, 0x30, '1', '2', '2', '3', 0x31);
INSERT INTO `registro` VALUES ('276', '23/03/2015', '14:20:01', 0x30, 0x30, 0x30, 0x30, 0x30, '900', '350', '0', '0', '0', '0', 0x00, 0x00, 0x00, '1', '0', '0', '0', 0x00);
INSERT INTO `registro` VALUES ('277', '23/03/2015', '15:20:01', 0x30, 0x30, 0x30, 0x31, 0x30, '15', '14', '171', '170', '177', '169', 0x30, 0x30, 0x31, '1', '2', '1', '2', 0x31);
INSERT INTO `registro` VALUES ('278', '23/03/2015', '15:20:01', 0x30, 0x30, 0x30, 0x30, 0x30, '900', '350', '0', '0', '0', '0', 0x00, 0x00, 0x00, '1', '0', '0', '0', 0x00);
INSERT INTO `registro` VALUES ('279', '23/03/2015', '15:20:01', 0x30, 0x30, 0x30, 0x30, 0x30, '32', '29', '148', '148', '149', '145', 0x31, 0x30, 0x31, '1', '2', '2', '3', 0x31);
INSERT INTO `registro` VALUES ('280', '23/03/2015', '16:20:01', 0x30, 0x30, 0x30, 0x31, 0x30, '16', '14', '171', '170', '175', '169', 0x30, 0x30, 0x31, '1', '3', '1', '2', 0x31);
INSERT INTO `registro` VALUES ('281', '23/03/2015', '16:20:01', 0x30, 0x30, 0x30, 0x30, 0x30, '900', '350', '0', '0', '0', '0', 0x00, 0x00, 0x00, '1', '0', '0', '0', 0x00);
INSERT INTO `registro` VALUES ('282', '23/03/2015', '16:20:01', 0x30, 0x31, 0x30, 0x30, 0x31, '32', '0', '0', '148', '149', '0', 0x30, 0x31, 0x31, '1', '3', '2', '3', 0x31);
INSERT INTO `registro` VALUES ('283', '23/03/2015', '17:20:01', 0x30, 0x30, 0x30, 0x30, 0x30, '900', '350', '0', '0', '0', '0', 0x00, 0x00, 0x00, '1', '0', '0', '0', 0x00);
INSERT INTO `registro` VALUES ('284', '23/03/2015', '17:20:01', 0x30, 0x31, 0x30, 0x30, 0x31, '32', '0', '0', '148', '149', '0', 0x30, 0x31, 0x31, '1', '1', '2', '3', 0x31);
INSERT INTO `registro` VALUES ('285', '23/03/2015', '17:20:01', 0x30, 0x30, 0x30, 0x31, 0x30, '18', '14', '176', '175', '180', '169', 0x30, 0x30, 0x31, '1', '1', '1', '2', 0x31);
INSERT INTO `registro` VALUES ('286', '23/03/2015', '18:20:01', 0x30, 0x30, 0x30, 0x30, 0x30, '900', '350', '0', '0', '0', '0', 0x00, 0x00, 0x00, '1', '0', '0', '0', 0x00);
INSERT INTO `registro` VALUES ('287', '23/03/2015', '18:20:01', 0x30, 0x30, 0x30, 0x30, 0x31, '32', '0', '0', '148', '149', '0', 0x30, 0x31, 0x31, '1', '1', '2', '3', 0x30);
INSERT INTO `registro` VALUES ('288', '23/03/2015', '18:20:01', 0x30, 0x30, 0x30, 0x30, 0x30, '18', '10', '0', '175', '180', '0', 0x30, 0x31, 0x31, '1', '1', '1', '2', 0x30);

-- ----------------------------
-- Table structure for tanque
-- ----------------------------
DROP TABLE IF EXISTS `tanque`;
CREATE TABLE `tanque` (
  `idtanque` int(11) NOT NULL AUTO_INCREMENT,
  `equipoinsdustrial_idequipoinsdustrial` int(11) DEFAULT NULL,
  `capacidad` int(11) DEFAULT NULL,
  `material_diseno` varchar(45) DEFAULT NULL,
  PRIMARY KEY (`idtanque`),
  KEY `fk_tanque_equipoinsdustrial_idx` (`equipoinsdustrial_idequipoinsdustrial`)
) ENGINE=MyISAM AUTO_INCREMENT=5 DEFAULT CHARSET=utf8;

-- ----------------------------
-- Records of tanque
-- ----------------------------
INSERT INTO `tanque` VALUES ('2', '2', '2', '2');
INSERT INTO `tanque` VALUES ('3', '3', '3', '3');
INSERT INTO `tanque` VALUES ('4', '0', '0', '0');

-- ----------------------------
-- Table structure for usuarios
-- ----------------------------
DROP TABLE IF EXISTS `usuarios`;
CREATE TABLE `usuarios` (
  `idusuarios` int(11) NOT NULL AUTO_INCREMENT,
  `nombre` varchar(50) NOT NULL,
  `apellido` varchar(45) NOT NULL,
  `password` varchar(45) NOT NULL,
  `rol` varchar(45) NOT NULL,
  `fechanacimiento` varchar(45) NOT NULL,
  `fecharegistro` varchar(45) NOT NULL,
  `estadousuario` binary(2) DEFAULT NULL,
  PRIMARY KEY (`idusuarios`)
) ENGINE=MyISAM AUTO_INCREMENT=123457 DEFAULT CHARSET=utf8;

-- ----------------------------
-- Records of usuarios
-- ----------------------------
INSERT INTO `usuarios` VALUES ('123456', 'Saad', 'Bittar', '123456', 'Ingeniero de Planta', '07-05-1983', '01-01-2015', null);
